date,politician,medical,celebrity
2020-03-13,-0.4666666666666667,-0.33333333333333337,NA
2020-03-14,NA,0.875,NA
2020-03-15,0,NA,NA
2020-03-16,0.29166666666666663,0.36281179138321995,NA
2020-03-17,0.20454545454545453,0.6666666666666666,1
2020-03-18,-0.010416666666666671,0.75,NA
2020-03-19,0.8333333333333334,0.7733333333333333,0
2020-03-20,0.13333333333333333,0.10535714285714286,NA
2020-03-21,NA,0.5333333333333333,NA
2020-03-22,1,0.07407407407407407,NA
2020-03-23,1,0.13333333333333333,NA
2020-03-24,NA,-0.23333333333333334,NA
2020-03-25,NA,0.5833333333333334,NA
2020-03-26,-1,0.5888888888888889,NA
2020-03-27,0.2,0.3333333333333333,NA
2020-03-28,1,1,NA
2020-03-29,1,0.04166666666666667,NA
2020-03-30,1,0.6888888888888889,-1
2020-03-31,0.4666666666666667,0.2777777777777778,NA
2020-04-01,-0.2,-0.45,NA
2020-04-02,-0.33333333333333337,0.22,-1
2020-04-03,-0.16666666666666666,0.30666666666666664,1
2020-04-04,NA,0.16666666666666666,-0.3333333333333333
2020-04-05,NA,0.14444444444444443,1
2020-04-06,-1,-0.3125,0.3333333333333333
2020-04-07,0.6,0.44857142857142857,1
2020-04-08,0.5833333333333334,0.5333333333333333,-1
2020-04-09,-0.1,-0.06904761904761905,NA
2020-04-10,NA,-0.1388888888888889,0
2020-04-11,0.25,0.6,NA
2020-04-12,1,0.3817460317460317,NA
2020-04-13,0.33333333333333337,0.2619047619047619,NA
2020-04-14,NA,0.3833333333333333,NA
2020-04-15,-1,0.3416666666666667,0.3333333333333333
2020-04-16,1,0.875,NA
2020-04-17,0.7,0.75,NA
2020-04-18,0.6666666666666666,0.5277777777777778,NA
2020-04-19,NA,0.3333333333333333,NA
2020-04-20,0.5,0.6666666666666666,NA
2020-04-21,-1,0.37,NA
2020-04-22,-0.16666666666666666,0.4537037037037037,NA
2020-04-23,1,0.4166666666666667,NA
2020-04-24,1,1,NA
2020-04-25,-0.15,0.5,0.2
2020-04-26,0.3,0.5833333333333334,NA
2020-04-27,0.6666666666666666,1,NA
2020-04-28,NA,0.7,NA
2020-04-29,-1,0.4523809523809524,NA
2020-04-30,0.7222222222222222,0.42857142857142855,NA
2020-05-01,-0.16666666666666666,0.45,0.35714285714285715
2020-05-02,-1,0.1111111111111111,NA
2020-05-03,NA,0.5714285714285714,NA
2020-05-04,1,-0.26785714285714285,NA
2020-05-05,-0.36666666666666664,0.2222222222222222,NA
2020-05-06,0.42857142857142855,0.35,NA
2020-05-07,-0.125,0.8571428571428572,1
2020-05-08,-0.05,0.32275132275132273,0.75
2020-05-09,-0.5,0.6,NA
2020-05-10,0,0.23809523809523808,0
2020-05-11,0.4,0.3888888888888889,NA
2020-05-12,0.14285714285714285,-0.08333333333333334,NA
2020-05-13,0.22666666666666666,0.20634920634920634,1
2020-05-14,-0.04166666666666667,0.6190476190476191,NA
2020-05-15,-0.33333333333333337,0.09999999999999999,NA
2020-05-16,NA,0.0017857142857142932,NA
2020-05-17,0.06666666666666665,0.5833333333333333,NA
2020-05-18,1,0.5555555555555556,NA
2020-05-19,0,0.65,NA
2020-05-20,0,0.3979591836734694,NA
2020-05-21,-0.27999999999999997,0.5383597883597884,NA
2020-05-22,0.7777777777777778,0.5333333333333333,NA
2020-05-23,-0.19999999999999998,0.7777777777777778,NA
2020-05-24,-0.6666666666666666,NA,NA
2020-05-25,NA,1,NA
2020-05-26,-0.2,0.5,NA
2020-05-27,-0.22023809523809523,0.43333333333333335,NA
2020-05-28,-0.1532312925170068,-0.04999999999999999,NA
2020-05-29,0.4407407407407407,0.7571428571428571,NA
2020-05-30,-0.5,0.29166666666666663,NA
2020-05-31,0.2606060606060606,0.22448979591836735,NA
2020-06-01,0.3505494505494506,-0.15000000000000002,NA
2020-06-02,-0.1125108225108225,0.49166666666666664,NA
2020-06-03,0.2876190476190476,0.06000000000000001,NA
2020-06-04,-0.06666666666666667,-0.1111111111111111,NA
2020-06-05,0.04,0.4666666666666667,NA
2020-06-06,0.18285714285714286,0.5801587301587302,NA
2020-06-07,0.3333333333333333,0.33333333333333337,NA
2020-06-08,0.7333333333333334,0.4,NA
2020-06-09,0.2568027210884354,-0.15,NA
2020-06-10,0.2,0.5555555555555556,NA
2020-06-11,0.16666666666666669,0.6,NA
2020-06-12,0.28888888888888886,1,NA
2020-06-13,0.375,1,NA
2020-06-14,-0.06666666666666667,NA,NA
2020-06-15,0.2261904761904762,NA,NA
2020-06-16,-0.33730158730158727,1,NA
2020-06-17,0.2828703703703704,0.7916666666666666,NA
2020-06-18,0.20619047619047617,0.4523809523809524,NA
2020-06-19,-0.05,0.6,NA
2020-06-20,0.4444444444444444,0.1261904761904762,NA
2020-06-21,0.17777777777777778,0.43333333333333335,NA
2020-06-22,0.16666666666666666,0.4166666666666667,NA
2020-06-23,0.08333333333333333,0.16,NA
2020-06-24,0.4222222222222222,0.62,NA
2020-06-25,1,-0.1111111111111111,NA
2020-06-26,0.7142857142857143,0.4666666666666667,NA
2020-06-27,NA,0.35,NA
2020-06-28,-0.6,0.3333333333333333,NA
2020-06-29,0.1259259259259259,NA,NA
2020-06-30,0.11666666666666667,0.6666666666666666,NA
2020-07-01,0.039999999999999994,0,NA
2020-07-02,-0.09523809523809523,0.5,NA
2020-07-03,-0.625,0.5,NA
2020-07-04,NA,0.6666666666666666,NA
2020-07-05,NA,1,NA
2020-07-06,0.25,0.5,NA
2020-07-07,0,1,NA
2020-07-08,1,0.6666666666666666,NA
2020-07-09,0.7037037037037037,0.8,1
2020-07-10,-0.2111111111111111,0.13333333333333333,NA
2020-07-11,0.2727272727272727,0.08333333333333333,NA
2020-07-13,0.07809523809523809,0.6666666666666666,NA
2020-07-14,0.5,0.6666666666666666,NA
2020-07-15,-1,0.6666666666666666,NA
2020-07-16,-0.1111111111111111,-0.3333333333333333,0.75
2020-07-17,0.2571428571428571,0.5555555555555556,NA
2020-07-18,0.24571428571428572,0.45,NA
2020-07-19,NA,1,NA
2020-07-20,NA,0.5,NA
2020-07-21,NA,0,NA
2020-07-22,0.6666666666666666,0.15238095238095237,NA
2020-07-23,1.8521787113294035e-17,-0.09523809523809523,1
2020-07-24,NA,0,NA
2020-07-25,-0.022222222222222237,0.3333333333333333,NA
2020-07-26,0,0.5,NA
2020-07-27,1,0.20833333333333331,NA
2020-07-28,0.16666666666666666,0.5466666666666666,NA
2020-07-29,-0.3333333333333333,0.5083333333333333,NA
2020-07-30,0.8,0.6111111111111112,NA
2020-07-31,0,0,NA
2020-08-01,NA,0.12,NA
2020-08-02,-1,-0.07333333333333333,NA
2020-08-03,-0.11111111111111112,0.31666666666666665,NA
2020-08-04,0.13333333333333333,0.5916666666666667,NA
2020-08-05,0.36666666666666664,0.14393939393939395,NA
2020-08-06,0.23888888888888887,-0.10582010582010581,NA
2020-08-07,0.30952380952380953,0.425,NA
2020-08-08,NA,-0.25,NA
2020-08-09,0.09523809523809523,0.2,NA
2020-08-10,0.28888888888888886,0.05555555555555555,NA
2020-08-11,0.2857142857142857,0.4557823129251701,NA
2020-08-12,-0.2507936507936508,0.4,NA
2020-08-13,NA,0.5,NA
2020-08-14,0.7142857142857143,0,NA
2020-08-15,0.10416666666666666,0.09523809523809525,NA
2020-08-16,0.6666666666666666,0,NA
2020-08-17,0.6666666666666666,0.25,NA
2020-08-18,0.44285714285714284,-0.058333333333333334,NA
2020-08-19,0.3333333333333333,0.2724489795918367,NA
2020-08-20,0.26666666666666666,-0.005555555555555564,NA
2020-08-21,-0.5555555555555556,0,NA
2020-08-22,0.6666666666666666,-0.5833333333333334,NA
2020-08-23,0.25,0.19047619047619047,NA
2020-08-24,0.33333333333333337,0.4666666666666667,NA
2020-08-25,0.6666666666666666,0.2422077922077922,NA
2020-08-26,0.2507936507936508,0.2488095238095238,NA
2020-08-27,0.3,0.4546296296296296,NA
2020-08-28,0.08333333333333334,-0.25,NA
2020-08-29,0.6266666666666667,-1,NA
2020-08-30,NA,0.41666666666666663,NA
2020-08-31,-1,-0.36666666666666664,NA
2020-09-01,0.56,-0.029166666666666674,NA
2020-09-02,-0.05555555555555556,0.3666666666666667,NA
2020-09-03,NA,-0.2222222222222222,NA
2020-09-04,0.8666666666666667,0.1142857142857143,NA
2020-09-05,-0.06666666666666665,0.2857142857142857,NA
2020-09-06,NA,0.3333333333333333,NA
2020-09-07,0.4017857142857143,0.9444444444444444,NA
2020-09-08,0.5,0.3888888888888889,NA
2020-09-09,0.4666666666666667,-0.07037037037037037,NA
2020-09-10,0,0.25892857142857145,NA
2020-09-11,0.3961904761904762,0.3888888888888889,NA
2020-09-12,0,-0.3333333333333333,NA
2020-09-13,0,-0.12592592592592594,NA
2020-09-14,0.04761904761904761,-0.1761904761904762,NA
2020-09-15,0.3888888888888889,-0.0625,NA
2020-09-16,0.2518518518518518,0.41666666666666663,NA
2020-09-17,0.36904761904761907,-0.04242424242424243,NA
2020-09-18,0.44789915966386556,-0.25,NA
2020-09-19,0.45918367346938777,0.3,NA
2020-09-20,0.7333333333333334,-0.033333333333333326,NA
2020-09-21,0.6111111111111112,0.2619047619047619,NA
2020-09-22,-0.6428571428571429,0.16666666666666666,NA
2020-09-23,1,0.09166666666666667,NA
2020-09-24,0.41077097505668936,0.041666666666666664,NA
2020-09-25,0.16666666666666666,0.875,NA
2020-09-26,-0.01523809523809524,-0.3333333333333333,NA
2020-09-27,1,-0.16666666666666669,NA
2020-09-28,0.8888888888888888,0.5095238095238095,NA
2020-09-29,NA,0.13068783068783069,NA
2020-09-30,0.5666666666666667,0.32666666666666666,NA
2020-10-01,0.6666666666666666,0.29653679653679654,NA
2020-10-02,0.8333333333333334,-0.16666666666666669,NA
2020-10-03,NA,0.5,NA
2020-10-04,NA,-0.43333333333333335,NA
2020-10-05,0.6666666666666666,0.5892857142857143,1
2020-10-06,0.6,0,NA
2020-10-07,-0.3333333333333333,0.5404761904761904,NA
2020-10-08,0.22916666666666666,0.15497835497835497,NA
2020-10-09,NA,0.47619047619047616,NA
2020-10-10,0.19999999999999998,-0.05714285714285715,NA
2020-10-11,-0.3333333333333333,0.3767857142857143,NA
2020-10-12,0.8888888888888888,-0.1326530612244898,NA
2020-10-13,0.42857142857142855,-0.30476190476190473,NA
2020-10-14,0.5222222222222223,-0.3492063492063492,1
2020-10-15,0.4571428571428572,-0.13333333333333333,1
2020-10-16,0.675,0.7619047619047619,-0.02380952380952381
2020-10-17,-1,-0.26666666666666666,-1
2020-10-18,NA,0.25,0
2020-10-19,0.6666666666666666,-0.23333333333333334,1
2020-10-20,0,0.24484126984126983,NA
2020-10-21,0.19444444444444445,0.5416666666666666,-0.325
2020-10-22,0.2222222222222222,0.08787878787878788,NA
2020-10-23,0.4222222222222222,0.033333333333333326,NA
2020-10-24,-0.3333333333333333,-0.22222222222222224,NA
2020-10-25,0.3333333333333333,0.33333333333333337,NA
2020-10-26,0.23333333333333334,0.49166666666666664,NA
2020-10-27,0.358843537414966,-0.14102564102564102,NA
2020-10-28,0.6666666666666666,0.16376811594202897,NA
2020-10-29,0.41666666666666663,0.05518207282913165,NA
2020-10-30,0.5238095238095238,0.14714285714285713,1
2020-10-31,0.375,0.29217687074829934,NA
2020-11-01,0.1574074074074074,0.018518518518518514,NA
2020-11-02,0.31666666666666665,0.14222222222222222,NA
2020-11-03,0.4166666666666667,0.2772893772893773,NA
2020-11-04,0.25,0.4967032967032967,-1
2020-11-05,0.4107142857142857,0.8,0.3333333333333333
2020-11-06,0.2380952380952381,-0.23666666666666666,NA
2020-11-07,0.6666666666666666,0.4666666666666667,NA
2020-11-08,0.35555555555555557,0.1142857142857143,NA
2020-11-09,0.125,0.6385964912280702,NA
2020-11-10,1,0.36904761904761907,NA
2020-11-11,0.5829931972789115,0.26666666666666666,NA
2020-11-12,0,0.01895424836601307,NA
2020-11-13,0.6944444444444444,0.5,NA
2020-11-14,0.5,0.0816326530612245,NA
2020-11-15,0,0.37142857142857144,NA
2020-11-16,0.5829725829725829,0.19183673469387755,NA
2020-11-17,0.3333333333333333,0.5,NA
2020-11-18,0.22222222222222224,0.26977225672877847,NA
2020-11-19,-1,0.21428571428571427,NA
2020-11-20,0.5,0.2857142857142857,0.5
2020-11-21,NA,0.7333333333333333,NA
2020-11-22,NA,1,NA
2020-11-23,1,0.6293650793650793,NA
2020-11-24,0.375,0.25925925925925924,NA
2020-11-25,-0.6666666666666666,-0.07551020408163264,NA
2020-11-26,-1,0.36666666666666664,NA
2020-11-27,1,0.8333333333333334,NA
2020-11-28,-0.1111111111111111,-0.22916666666666666,NA
2020-11-29,-0.3333333333333333,-0.16666666666666666,NA
2020-11-30,0.82,0.29545454545454547,NA
2020-12-01,0.33630952380952384,-0.06666666666666667,NA
2020-12-02,0.375,0.2,NA
2020-12-03,0.4,0.6388888888888888,NA
2020-12-04,0.5416666666666666,0.16666666666666666,NA
2020-12-05,1,0.11904761904761905,NA
2020-12-06,NA,0.43333333333333335,NA
2020-12-07,NA,0.518452380952381,NA
2020-12-08,-0.08333333333333333,0.11978021978021978,NA
2020-12-09,0.00136054421768707,0.49444444444444446,NA
2020-12-10,0.4714285714285714,0.49696969696969695,NA
2020-12-11,0,0.2253968253968254,NA
2020-12-12,-0.16666666666666666,0.4666666666666667,NA
2020-12-13,0.16666666666666666,0.5619047619047619,NA
2020-12-14,0.39999999999999997,0.4,NA
2020-12-15,0.8,0.4230769230769231,NA
2020-12-16,-0.25,0.22116402116402115,NA
2020-12-17,0.5,0.3291316526610644,NA
2020-12-18,0.375,0.5125,NA
2020-12-19,NA,0.24,NA
2020-12-20,-1,0.7777777777777778,NA
2020-12-21,-0.45,0.2875,NA
2020-12-22,1,0.6666666666666666,NA
2020-12-23,0.14625850340136054,0.4417989417989418,NA
2020-12-24,NA,0.34319727891156465,NA
2020-12-25,0.5,0.004761904761904761,1
2020-12-26,NA,0.36666666666666664,NA
2020-12-27,0.42857142857142855,0.12222222222222222,NA
2020-12-28,-0.25,0.2111111111111111,NA
2020-12-29,-1,0.28958333333333336,NA
2020-12-30,0.6666666666666666,0.6736111111111112,NA
2020-12-31,0,0.5095238095238095,NA
2021-01-01,1,-0.1,NA
2021-01-02,NA,0.6,NA
2021-01-03,0.5555555555555556,0.3142857142857143,NA
2021-01-04,0.9,0.3907563025210084,NA
2021-01-05,0.35714285714285715,0.2462962962962963,NA
2021-01-06,-0.10952380952380952,0.2564625850340136,NA
2021-01-07,-0.024999999999999994,0.4595238095238095,NA
2021-01-08,-0.5,0.34,NA
2021-01-09,NA,-0.26666666666666666,0.5
2021-01-10,-0.26666666666666666,0.5850340136054422,NA
2021-01-11,NA,0.46190476190476193,NA
2021-01-12,NA,0.17857142857142858,NA
2021-01-13,-0.1111111111111111,0.4564102564102564,NA
2021-01-14,NA,0.5288888888888889,NA
2021-01-15,0.3333333333333333,0.425,NA
2021-01-16,NA,-0.5,NA
2021-01-17,NA,0.26666666666666666,NA
2021-01-18,0.35714285714285715,0.29166666666666663,NA
2021-01-19,NA,0.10416666666666667,NA
2021-01-20,0,0.5712121212121212,NA
2021-01-21,0.4,0.18,NA
2021-01-22,-0.1,0.14929971988795518,NA
2021-01-23,0,0.2857142857142857,NA
2021-01-24,-0.2,-0.08333333333333334,NA
2021-01-25,-0.6666666666666666,0.4666666666666667,NA
2021-01-26,0.25,0.08,NA
2021-01-27,1,0.2,NA
2021-01-28,0,0.20324675324675326,NA
2021-01-29,-0.25333333333333335,0.2361111111111111,NA
2021-01-30,0.5,0.3469387755102041,NA
2021-01-31,NA,0.18888888888888888,NA
2021-02-01,NA,0.3433333333333333,NA
2021-02-02,0,0.24705882352941178,NA
2021-02-03,NA,0.37083333333333335,NA
2021-02-04,0.2888888888888889,0.036155202821869487,NA
2021-02-05,0.8571428571428572,0.29333333333333333,NA
2021-02-06,NA,0.5,NA
2021-02-07,1,0.5428571428571428,NA
2021-02-08,-0.3888888888888889,0.1450980392156863,NA
2021-02-09,-0.5,0.54,NA
2021-02-10,-1,0.4666666666666667,NA
2021-02-11,0.16666666666666666,0.2549019607843137,NA
2021-02-12,-1,0.40555555555555556,NA
2021-02-13,-0.6666666666666666,0.2633333333333333,NA
2021-02-14,NA,0.43333333333333335,NA
2021-02-15,NA,-0.09047619047619047,NA
2021-02-16,1,0.24666666666666667,NA
2021-02-17,0.5222222222222223,0.04370015948963318,1
2021-02-18,0.3333333333333333,0.39537414965986395,NA
2021-02-19,NA,0.051666666666666666,NA
2021-02-20,NA,0.07222222222222222,1
2021-02-21,1,-0.2,NA
2021-02-22,0.8888888888888888,0.6808080808080808,1
2021-02-23,NA,0.6132716049382716,NA
2021-02-24,0.6,0.3548872180451128,NA
2021-02-25,-0.5,0.43425925925925923,NA
2021-02-26,NA,0.26481481481481484,NA
2021-02-27,0.5,0.7,NA
2021-02-28,0,0.11904761904761904,NA
2021-03-01,0.4,0.8818181818181818,NA
2021-03-02,0.2,0.430952380952381,NA
2021-03-03,-1,0.7083333333333334,1
2021-03-04,0,0.4085714285714286,-1
2021-03-05,-0.35,0.4717948717948718,NA
2021-03-06,1,0.7428571428571429,NA
2021-03-07,NA,0.519047619047619,NA
2021-03-08,NA,0.43376623376623374,-1
2021-03-09,-1,0.6641269841269841,NA
2021-03-10,0.5,0.5333333333333333,NA
2021-03-11,-1,0.3223809523809524,1
2021-03-12,0.2,0.4,NA
2021-03-13,NA,0.017687074829931974,NA
2021-03-14,NA,-0.23809523809523808,NA
2021-03-15,NA,0.6823529411764706,NA
2021-03-16,NA,0.4756892230576441,NA
2021-03-17,-0.16666666666666666,0.2631578947368421,NA
2021-03-18,1,0.4013784461152882,NA
2021-03-19,0.3333333333333333,0.9238095238095239,1
2021-03-20,-1,0.46904761904761905,NA
2021-03-21,NA,0.5925925925925926,NA
2021-03-22,1,0.3433333333333333,NA
2021-03-23,0,0.07555555555555556,NA
2021-03-24,NA,0.4625,NA
2021-03-25,1,0.3272108843537415,NA
2021-03-26,NA,0.5738095238095238,NA
2021-03-27,NA,0.5714285714285714,NA
2021-03-28,0.7272727272727273,0.12275132275132275,NA
2021-03-29,0.3333333333333333,0.18546365914786966,NA
2021-03-30,-0.21428571428571427,0.2822222222222222,NA
2021-03-31,NA,0.1596866096866097,NA
2021-04-01,1,0.5395833333333333,1
2021-04-02,NA,0.5250329380764164,NA
2021-04-03,0.8333333333333333,0.2,NA
2021-04-04,NA,0.47916666666666663,NA
2021-04-05,0.55,0.3802083333333333,NA
2021-04-06,0.75,-0.10672268907563026,NA
2021-04-07,0.8785714285714286,0.3269230769230769,NA
2021-04-08,NA,0.5333333333333333,1
2021-04-09,1,0.382051282051282,0
2021-04-10,NA,0.3666666666666667,NA
2021-04-11,NA,0.1566137566137566,NA
2021-04-12,NA,0.493859649122807,NA
2021-04-13,0.08333333333333334,0.5406349206349206,NA
2021-04-14,0.7777777777777778,0.4652173913043478,NA
2021-04-15,1,0.22083333333333333,NA
2021-04-16,NA,0.31064425770308124,NA
2021-04-17,NA,0.02857142857142857,NA
2021-04-18,NA,0.49583333333333335,NA
2021-04-19,1,0.45555555555555555,NA
2021-04-20,0.55,0.5433333333333333,NA
2021-04-21,1,0.30995670995670993,NA
2021-04-22,0.08333333333333334,0.4666666666666667,NA
2021-04-23,NA,0.09206349206349206,NA
2021-04-24,NA,0.19523809523809524,NA
2021-04-25,NA,0.2777777777777778,NA
2021-04-26,NA,0.5688888888888889,NA
2021-04-27,0,0.4666666666666667,NA
2021-04-28,NA,0.2711111111111111,NA
2021-04-29,0.4722222222222222,0.44871794871794873,NA
2021-04-30,-1,0.5533333333333333,NA
2021-05-01,NA,1,NA
2021-05-02,NA,0.5,NA
2021-05-03,-0.5,0.3333333333333333,NA
2021-05-04,-0.4,0.4703703703703704,0.5
2021-05-05,NA,-0.19107142857142856,NA
2021-05-06,0.16666666666666669,0.4777777777777778,NA
2021-05-07,0.0925925925925926,0.24871794871794872,NA
2021-05-08,0.26666666666666666,0.6388888888888888,NA
2021-05-09,1,0.5752765752765753,NA
2021-05-10,0.16666666666666666,0.7407407407407407,NA
2021-05-11,-0.3333333333333333,0.24358974358974358,NA
2021-05-12,0.04761904761904762,0.4471177944862155,NA
2021-05-13,0.30303030303030304,0.20555555555555555,NA
2021-05-14,0.6666666666666666,0.6372549019607843,NA
2021-05-15,1,0.2777777777777778,NA
2021-05-16,-0.6666666666666666,0.1111111111111111,NA
2021-05-17,0.25,0.6363636363636364,NA
2021-05-18,0.33333333333333337,0.4907268170426065,NA
2021-05-19,0,0.47604166666666664,NA
2021-05-20,-0.13333333333333333,0.3,NA
2021-05-21,NA,0.5033333333333333,NA
2021-05-22,-0.6666666666666666,0.44727891156462585,NA
2021-05-23,0,0.19444444444444445,NA
2021-05-24,0.5918367346938775,0.8571428571428571,NA
2021-05-25,0.09523809523809525,0.45555555555555555,NA
2021-05-26,0.11111111111111112,0.23939393939393938,NA
2021-05-27,-0.06746031746031746,0.4711111111111111,NA
2021-05-28,0.11111111111111112,0.32,NA
2021-05-29,NA,0.1469387755102041,NA
2021-05-30,1,0.08730158730158728,NA
2021-05-31,0.5333333333333333,0.3333333333333333,NA
2021-06-01,0.8,-0.15656565656565657,NA
2021-06-02,-0.1111111111111111,0.24523809523809523,NA
2021-06-03,0.75,0.07948717948717948,NA
2021-06-04,0,0.4979166666666667,NA
2021-06-05,-0.05555555555555556,0.2962962962962963,NA
2021-06-06,0.047619047619047616,-0.04444444444444443,NA
2021-06-07,NA,0.3534798534798535,0.3333333333333333
2021-06-08,0.3666666666666667,0.32412698412698415,NA
2021-06-09,-0.5,0.18907563025210083,NA
2021-06-10,0.4444444444444444,0.38636363636363635,NA
2021-06-11,1,-0.050793650793650794,1
2021-06-12,0.6222222222222222,0.3375,NA
2021-06-13,NA,0.7083333333333334,NA
2021-06-14,NA,0.21476190476190476,NA
2021-06-15,0.75,0.2205128205128205,NA
2021-06-16,0,0.3862745098039216,NA
2021-06-17,-1,0.41904761904761906,NA
2021-06-18,0.4,0.35714285714285715,NA
2021-06-19,-0.16666666666666669,-0.20238095238095238,NA
2021-06-20,1,-0.09333333333333334,NA
2021-06-21,0.75,0.5833333333333334,NA
2021-06-22,0.17857142857142858,0.49777777777777776,1
2021-06-23,-0.02777777777777778,0.3214285714285714,NA
2021-06-24,0.5,0.3472222222222222,NA
2021-06-25,0.36666666666666664,-0.011904761904761902,1
2021-06-26,0.6666666666666666,0.22222222222222224,NA
2021-06-27,-0.33333333333333337,0.5833333333333334,NA
2021-06-28,0.8,0.2619047619047619,NA
2021-06-29,0.6666666666666666,0.21315192743764172,NA
2021-06-30,1,0.5510204081632653,NA
2021-07-01,-0.35,0.17596371882086168,NA
2021-07-02,0.3,0.3625850340136054,NA
2021-07-03,0.5,-0.2,NA
2021-07-04,-0.3333333333333333,-0.25,NA
2021-07-05,-0.05185185185185185,0.08571428571428572,NA
2021-07-06,0.25,0.25757575757575757,NA
2021-07-07,-0.1111111111111111,0.07777777777777778,NA
2021-07-08,0.08333333333333333,0.16165413533834586,NA
2021-07-09,0.1111111111111111,0.08092691622103387,NA
2021-07-10,NA,0.515079365079365,NA
2021-07-11,0.3333333333333333,0.10416666666666666,NA
2021-07-12,0.42666666666666664,0.10054945054945055,NA
2021-07-13,0.5555555555555556,0.30773809523809526,NA
2021-07-14,-0.08888888888888889,0.5061224489795918,NA
2021-07-15,0.1111111111111111,0.6,NA
2021-07-16,0.6666666666666666,-0.16666666666666666,NA
2021-07-17,NA,0.08095238095238096,NA
2021-07-18,0.047619047619047616,-0.15238095238095237,NA
2021-07-19,0.05555555555555556,0.3535714285714286,NA
2021-07-20,0.6666666666666666,0.4114583333333333,NA
2021-07-21,-0.03333333333333334,0.14617940199335547,NA
2021-07-22,0,0.3361552028218695,NA
2021-07-23,0,0.3080357142857143,NA
2021-07-24,-0.3333333333333333,0.13191656828020465,NA
2021-07-25,-0.33333333333333337,0.36007326007326007,NA
2021-07-26,0.8333333333333334,0.4032857142857143,NA
2021-07-27,0.22666666666666668,0.0778061224489796,NA
2021-07-28,0.5,0.352046783625731,NA
2021-07-29,1,0.5582010582010581,NA
2021-07-30,0.7333333333333333,0.2796825396825397,NA
2021-07-31,NA,-0.03611111111111111,NA
2021-08-01,NA,0.45,NA
2021-08-02,0.6,0.35432098765432096,NA
2021-08-03,-1,0.2223864258347017,NA
2021-08-04,-0.16666666666666666,0.37531328320802004,NA
2021-08-05,0,0.4383303938859494,0.6666666666666666
2021-08-06,-0.33333333333333337,0.386281179138322,NA
2021-08-07,0,0.3656878306878307,NA
2021-08-08,0.43333333333333335,0.24950029394473838,NA
2021-08-09,-0.2,0.08341013824884792,NA
2021-08-10,1,0.30006105006105005,NA
2021-08-11,1,0.3225806451612903,NA
2021-08-12,0,0.4823680823680824,NA
2021-08-13,0.15,0.13793103448275862,NA
2021-08-14,0,0.1986111111111111,NA
2021-08-15,NA,-0.15507246376811595,NA
2021-08-16,-0.2222222222222222,0.09531024531024532,NA
2021-08-17,NA,0.494949494949495,NA
2021-08-18,1,0.26458333333333334,NA
2021-08-19,1,0.04666666666666666,NA
2021-08-20,NA,0.11246200607902736,NA
2021-08-21,0.5,0.024999999999999998,NA
2021-08-22,-1,-0.203125,NA
2021-08-23,1,0.1400865800865801,NA
2021-08-24,-0.6,0.43843101343101343,NA
2021-08-25,0.525,0.3628571428571429,1
2021-08-26,1,0.225,NA
2021-08-27,0.4,0.16666666666666666,-1
2021-08-28,-0.16666666666666669,0.03428571428571428,NA
2021-08-29,-1,0.17106227106227107,NA
2021-08-30,0.5,0.09914529914529914,NA
2021-08-31,0.4444444444444444,0.23157894736842105,NA
2021-09-01,0.4888888888888889,0.3810071154898741,NA
2021-09-02,0.24444444444444444,0.128517316017316,NA
2021-09-03,1,0.19963718820861678,NA
2021-09-04,1,-0.06904761904761905,NA
2021-09-05,NA,0.13478513356562138,NA
2021-09-06,NA,0.3630952380952381,NA
2021-09-07,-0.14583333333333334,0.24074074074074073,NA
2021-09-08,0.6666666666666666,0.2950166112956811,NA
2021-09-09,0.03809523809523809,0.29404761904761906,NA
2021-09-10,0.20833333333333331,0.007070707070707073,NA
2021-09-11,-0.125,0.08024691358024691,NA
2021-09-12,0.5,0.18611111111111112,NA
2021-09-13,0.43333333333333335,0.3381779510811769,NA
2021-09-14,0.3333333333333333,0.2775193798449612,NA
2021-09-15,-0.16666666666666666,0.5313932980599647,1
2021-09-16,0.055555555555555546,0.25462962962962965,1
2021-09-17,-0.04166666666666667,0.40265567765567767,NA
2021-09-18,NA,0.2873015873015873,NA
2021-09-19,0,0.26578483245149914,NA
2021-09-20,1,0.20880018674136322,NA
2021-09-21,0,0.27268170426065164,NA
2021-09-22,0.5,0.32593445980542757,1
2021-09-23,-0.3,0.16376811594202897,NA
2021-09-24,-1,0.3577662337662338,0.3333333333333333
2021-09-25,NA,0.43866666666666665,NA
2021-09-26,-0.6,0.38666666666666666,NA
2021-09-27,1,0.6009740259740259,1
2021-09-28,0.11111111111111113,0.1404406538734897,NA
2021-09-29,0.05102040816326531,0.24642857142857144,NA
2021-09-30,0.005555555555555554,8.920372556736123e-4,NA
2021-10-01,0.2777777777777778,0.19487179487179487,NA
2021-10-02,0.3333333333333333,0.3686868686868687,NA
2021-10-03,0,0.13908045977011493,NA
2021-10-04,0.5066666666666667,0.14195624195624196,NA
2021-10-05,0.08492063492063492,0.3994252873563218,NA
2021-10-06,-0.26666666666666666,0.21677248677248678,NA
2021-10-07,-0.5,0.40793650793650793,1
2021-10-08,-0.41666666666666663,0.2216517857142857,NA
2021-10-09,0.6666666666666666,0.049999999999999996,NA
2021-10-10,-0.16666666666666666,0.04476190476190476,NA
2021-10-11,1,0.21727891156462584,NA
2021-10-12,0.3271604938271605,0.35572562358276644,NA
2021-10-13,-0.061224489795918366,0.20046082949308755,1
2021-10-14,0.15757575757575756,0.0645909645909646,NA
2021-10-15,0.42857142857142855,0.07660714285714286,0.3333333333333333
2021-10-16,0.537037037037037,-0.07166666666666667,NA
2021-10-17,0.6666666666666666,0.02023809523809524,NA
2021-10-18,0.7333333333333333,0.36607142857142855,NA
2021-10-19,0.14583333333333331,0.21379980563654033,NA
2021-10-20,0.4,0.38843537414965984,0
2021-10-21,0.2,0.5189504373177842,NA
2021-10-22,-0.17666666666666667,0.20765160765160764,NA
2021-10-23,0.4666666666666667,0.2693548387096774,NA
2021-10-24,0.4444444444444444,0.058097928436911486,NA
2021-10-25,0.2777777777777778,0.313953488372093,NA
2021-10-26,0.625,0.23697478991596638,1
2021-10-27,0.75,0.2604529616724739,1
2021-10-28,0.45674603174603173,0.3307823129251701,NA
2021-10-29,0.08333333333333333,0.04876543209876543,-1
2021-10-30,NA,0.0755256648113791,NA
2021-10-31,0.6,0.2699294532627866,NA
2021-11-01,0.625,0.18061224489795918,-1
2021-11-02,0.375,0.23276643990929705,NA
2021-11-03,0.4166666666666667,0.1867243867243867,-1
2021-11-04,0.5185185185185185,0.23604269293924465,NA
2021-11-05,-0.11111111111111112,0.45508365508365506,NA
2021-11-06,0.5722222222222222,0.2282312925170068,NA
2021-11-07,-0.11111111111111112,0.2299003322259136,NA
2021-11-08,-0.5,0.05333333333333334,NA
2021-11-09,0.08888888888888889,0.3427128427128427,NA
2021-11-10,0,0.39576074332171896,NA
2021-11-11,-0.08571428571428572,0.370952380952381,NA
2021-11-12,NA,0.10977443609022557,1
2021-11-13,0.8333333333333334,0.2153258778258778,0.3333333333333333
2021-11-14,NA,0.25736961451247165,NA
2021-11-15,-0.4,0.25087083459176485,NA
2021-11-16,-0.24,0.18846153846153846,NA
2021-11-17,0.3333333333333333,0.3734920634920635,NA
2021-11-18,-0.7777777777777778,0.268442932728647,0
2021-11-19,0.6333333333333333,0.22260015117157975,0.8
2021-11-20,NA,0.425,NA
2021-11-21,-1,0.319047619047619,NA
2021-11-22,NA,0.1675925925925926,1
2021-11-23,1,0.42108843537414964,NA
2021-11-24,0.2,0.4196620583717358,NA
2021-11-25,NA,0.2624458874458874,NA
2021-11-26,NA,-0.030864197530864196,NA
2021-11-27,-1,0.25130718954248366,NA
2021-11-28,NA,0.2261904761904762,NA
